sample_id,clone_id,clonal_prev
BrnM,A,0.004550174
BrnM,B,0.994616832
BrnM,C,0.000371767
BrnM,D,0.000218691
BrnM,E,0.000242536
BrnMA1,A,0.008594594
BrnMA1,B,0.989665785
BrnMA1,C,0.0008168
BrnMA1,D,0.00056959
BrnMA1,E,0.000353231
BwlA6,A,0.012282774
BwlA6,B,0.001716409
BwlA6,C,0.34272343
BwlA6,D,0.641936697
BwlA6,E,0.001340689
LOv1,A,0.003195272
LOv1,B,0.000227333
LOv1,C,0.00325644
LOv1,D,0.00028767
LOv1,E,0.993033284
LOvA10,A,0.001985562
LOvA10,B,0.001235034
LOvA10,C,0.003161068
LOvA10,D,0.000495614
LOvA10,E,0.993122721
LOvA4,A,0.013068339
LOvA4,B,0.002068427
LOvA4,C,0.710160261
LOvA4,D,0.001028215
LOvA4,E,0.273674756
ROvC4,A,0.991836483
ROvC4,B,0.002003835
ROvC4,C,0.004587175
ROvC4,D,0.000617558
ROvC4,E,0.000954949
ROvC5,A,0.977536212
ROvC5,B,0.001729992
ROvC5,C,0.017222015
ROvC5,D,0.002144634
ROvC5,E,0.001367148
ROvC6,A,0.983933992
ROvC6,B,0.004750671
ROvC6,C,0.006478174
ROvC6,D,0.002724914
ROvC6,E,0.00211225
RPvM,A,0.003060351
RPvM,B,0.000814727
RPvM,C,0.004642584
RPvM,D,0.990520955
RPvM,E,0.000961383
RUtD1,A,0.019146941
RUtD1,B,0.005811868
RUtD1,C,0.662259219
RUtD1,D,0.311626002
RUtD1,E,0.00115597
RUtD2,A,0.013735405
RUtD2,B,0.001511557
RUtD2,C,0.459859834
RUtD2,D,0.524083664
RUtD2,E,0.000809541
RUtD3,A,0.354511589
RUtD3,B,0.045162346
RUtD3,C,0.446610236
RUtD3,D,0.152972759
RUtD3,E,0.000743071
